,country,iso_abr,year,suicides_no,population,suicides_per100kpop
0,Albania,ALB,2002,133,2818839,4.72
1,Albania,ALB,2003,124,2843929,4.36
2,Albania,ALB,2004,146,2874991,5.08
3,Albania,ALB,2005,0,2783320,0.0
4,Albania,ALB,2006,0,2780176,0.0
5,Albania,ALB,2007,124,2770344,4.48
6,Albania,ALB,2008,160,2757059,5.8
7,Albania,ALB,2009,0,2745735,0.0
8,Albania,ALB,2010,96,2736025,3.51
9,Antigua and Barbuda,ATG,2002,0,77588,0.0
10,Antigua and Barbuda,ATG,2003,1,78658,1.27
11,Antigua and Barbuda,ATG,2004,2,79722,2.51
12,Antigua and Barbuda,ATG,2005,0,80809,0.0
13,Antigua and Barbuda,ATG,2006,0,81973,0.0
14,Antigua and Barbuda,ATG,2007,1,83131,1.2
15,Antigua and Barbuda,ATG,2008,0,84273,0.0
16,Antigua and Barbuda,ATG,2009,0,85405,0.0
17,Antigua and Barbuda,ATG,2012,0,88703,0.0
18,Antigua and Barbuda,ATG,2013,0,89779,0.0
19,Antigua and Barbuda,ATG,2014,0,90837,0.0
20,Antigua and Barbuda,ATG,2015,1,91889,1.09
21,Argentina,ARG,2002,3162,34407507,9.19
22,Argentina,ARG,2003,3289,34785907,9.45
23,Argentina,ARG,2004,3121,35162945,8.88
24,Argentina,ARG,2005,3058,35550617,8.6
25,Argentina,ARG,2006,3108,35918886,8.65
26,Argentina,ARG,2007,2946,36315492,8.11
27,Argentina,ARG,2008,3059,36733520,8.33
28,Argentina,ARG,2009,2884,37158001,7.76
29,Argentina,ARG,2010,2943,37578454,7.83
30,Argentina,ARG,2011,2912,38015739,7.66
31,Argentina,ARG,2012,3248,38441778,8.45
32,Argentina,ARG,2013,2987,38859125,7.69
33,Argentina,ARG,2014,3231,39276555,8.23
34,Argentina,ARG,2015,3073,39699624,7.74
35,Armenia,ARM,2002,74,3014844,2.45
36,Armenia,ARM,2003,59,3024366,1.95
37,Armenia,ARM,2006,78,2764396,2.82
38,Armenia,ARM,2007,71,2735313,2.6
39,Armenia,ARM,2008,63,3045391,2.07
40,Armenia,ARM,2009,53,2689695,1.97
41,Armenia,ARM,2010,73,2676225,2.73
42,Armenia,ARM,2011,67,2670366,2.51
43,Armenia,ARM,2012,79,2814300,2.81
44,Armenia,ARM,2013,67,2810664,2.38
45,Armenia,ARM,2014,58,2803029,2.07
46,Armenia,ARM,2015,74,2795335,2.65
47,Armenia,ARM,2016,67,2400033,2.79
48,Aruba,ABW,2002,9,88284,10.19
49,Aruba,ABW,2003,2,90457,2.21
50,Aruba,ABW,2004,8,92335,8.66
51,Aruba,ABW,2005,10,93728,10.67
52,Aruba,ABW,2006,9,94508,9.52
53,Aruba,ABW,2007,8,94814,8.44
54,Aruba,ABW,2008,4,94814,4.22
55,Aruba,ABW,2009,4,94795,4.22
56,Aruba,ABW,2010,7,95006,7.37
57,Aruba,ABW,2011,9,95488,9.43
58,Australia,AUS,2002,2319,18370058,12.62
59,Australia,AUS,2003,2156,18608029,11.59
60,Australia,AUS,2004,2114,18854551,11.21
61,Australia,AUS,2006,2117,19109246,11.08
62,Australia,AUS,2007,2229,19734430,11.29
63,Australia,AUS,2008,2341,20120312,11.64
64,Australia,AUS,2009,2337,20529317,11.38
65,Australia,AUS,2010,2420,20847547,11.61
66,Australia,AUS,2011,2392,20881910,11.45
67,Australia,AUS,2012,2580,21238909,12.15
68,Australia,AUS,2013,2608,21600180,12.07
69,Australia,AUS,2014,2891,21927587,13.18
70,Australia,AUS,2015,3027,22240785,13.61
71,Austria,AUT,2002,1553,7683162,20.21
72,Austria,AUT,2003,1456,7722033,18.86
73,Austria,AUT,2004,1422,7773105,18.29
74,Austria,AUT,2005,1399,7827461,17.87
75,Austria,AUT,2006,1297,7869269,16.48
76,Austria,AUT,2007,1285,7897272,16.27
77,Austria,AUT,2008,1267,7925258,15.99
78,Austria,AUT,2009,1278,7946894,16.08
79,Austria,AUT,2010,1264,7968421,15.86
80,Austria,AUT,2011,1288,7995146,16.11
81,Austria,AUT,2012,1276,8031276,15.89
82,Austria,AUT,2013,1291,8079615,15.98
83,Austria,AUT,2014,1314,8141165,16.14
84,Austria,AUT,2015,1251,8219386,15.22
85,Austria,AUT,2016,1201,7484629,16.05
86,Azerbaijan,AZE,2002,92,7605700,1.21
87,Azerbaijan,AZE,2003,129,7674400,1.68
88,Azerbaijan,AZE,2004,108,7738250,1.4
89,Azerbaijan,AZE,2007,55,7921100,0.69
90,Bahamas,BHS,2002,3,282555,1.06
91,Bahamas,BHS,2003,1,288888,0.35
92,Bahamas,BHS,2004,2,295237,0.68
93,Bahamas,BHS,2005,4,301763,1.33
94,Bahamas,BHS,2006,2,308499,0.65
95,Bahamas,BHS,2007,5,314989,1.59
96,Bahamas,BHS,2008,4,321447,1.24
97,Bahamas,BHS,2009,6,327813,1.83
98,Bahamas,BHS,2010,10,333869,3.0
99,Bahamas,BHS,2011,4,338383,1.18
100,Bahamas,BHS,2012,5,343558,1.46
101,Bahamas,BHS,2013,5,348959,1.43
102,Bahrain,BHR,2002,25,661010,3.78
103,Bahrain,BHR,2003,34,702913,4.84
104,Bahrain,BHR,2004,42,751559,5.59
105,Bahrain,BHR,2005,42,819540,5.12
106,Bahrain,BHR,2006,28,888543,3.15
107,Bahrain,BHR,2007,40,964770,4.15
108,Bahrain,BHR,2008,43,1024110,4.2
109,Bahrain,BHR,2009,36,1092922,3.29
110,Bahrain,BHR,2010,19,1139160,1.67
111,Bahrain,BHR,2011,18,1103462,1.63
112,Bahrain,BHR,2012,19,1201778,1.58
113,Bahrain,BHR,2013,5,1214492,0.41
114,Bahrain,BHR,2014,9,1213966,0.74
115,Barbados,BRB,2002,0,253353,0.0
116,Barbados,BRB,2003,0,254122,0.0
117,Barbados,BRB,2004,3,254925,1.18
118,Barbados,BRB,2005,1,255889,0.39
119,Barbados,BRB,2006,9,256883,3.5
120,Barbados,BRB,2007,0,258083,0.0
121,Barbados,BRB,2008,1,259414,0.39
122,Barbados,BRB,2009,5,260718,1.92
123,Barbados,BRB,2010,3,261927,1.15
124,Barbados,BRB,2011,0,263203,0.0
125,Barbados,BRB,2012,0,264270,0.0
126,Barbados,BRB,2013,0,265165,0.0
127,Belarus,BLR,2002,3291,9469234,34.75
128,Belarus,BLR,2003,3456,9420691,36.69
129,Belarus,BLR,2007,2659,9244456,28.76
130,Belarus,BLR,2008,2658,9205746,28.87
131,Belarus,BLR,2009,2743,9169969,29.91
132,Belarus,BLR,2010,2459,8981193,27.38
133,Belarus,BLR,2011,2172,8947320,24.28
134,Belarus,BLR,2013,1902,8910240,21.35
135,Belarus,BLR,2014,1741,8906977,19.55
136,Belgium,BEL,2002,2076,9758570,21.27
137,Belgium,BEL,2003,2091,9804122,21.33
138,Belgium,BEL,2004,1987,9848022,20.18
139,Belgium,BEL,2005,2029,9901014,20.49
140,Belgium,BEL,2006,1935,9962702,19.42
141,Belgium,BEL,2007,1857,10030266,18.51
142,Belgium,BEL,2008,1999,10100850,19.79
143,Belgium,BEL,2009,2013,10173366,19.79
144,Belgium,BEL,2010,2013,10211171,19.71
145,Belgium,BEL,2011,2088,10355126,20.16
146,Belgium,BEL,2012,2026,10442637,19.4
147,Belgium,BEL,2013,1895,10526149,18.0
148,Belgium,BEL,2014,1899,10578848,17.95
149,Belgium,BEL,2015,1867,10624356,17.57
150,Belize,BLZ,2002,14,224136,6.25
151,Belize,BLZ,2003,12,230890,5.2
152,Belize,BLZ,2004,20,237791,8.41
153,Belize,BLZ,2005,12,245020,4.9
154,Belize,BLZ,2006,11,252826,4.35
155,Belize,BLZ,2007,8,260667,3.07
156,Belize,BLZ,2008,11,268487,4.1
157,Belize,BLZ,2009,15,276189,5.43
158,Belize,BLZ,2010,15,283796,5.29
159,Belize,BLZ,2011,33,291662,11.31
160,Belize,BLZ,2012,18,298946,6.02
161,Belize,BLZ,2013,17,305888,5.56
162,Belize,BLZ,2014,24,312780,7.67
163,Belize,BLZ,2015,26,319835,8.13
164,Bosnia and Herzegovina,BIH,2011,5,3673312,0.14
165,Bosnia and Herzegovina,BIH,2014,313,3654169,8.57
166,Brazil,BRA,2002,7697,162761414,4.73
167,Brazil,BRA,2003,7839,165396911,4.74
168,Brazil,BRA,2004,7995,167993068,4.76
169,Brazil,BRA,2005,8529,170483960,5.0
170,Brazil,BRA,2006,8618,172974722,4.98
171,Brazil,BRA,2007,8855,175293192,5.05
172,Brazil,BRA,2008,9184,177471632,5.17
173,Brazil,BRA,2009,9346,179569551,5.2
174,Brazil,BRA,2010,9429,181629712,5.19
175,Brazil,BRA,2011,9822,183656441,5.35
176,Brazil,BRA,2012,10295,185591215,5.55
177,Brazil,BRA,2013,10513,187458852,5.61
178,Brazil,BRA,2014,10631,189285554,5.62
179,Brazil,BRA,2015,11163,191087085,5.84
180,Bulgaria,BGR,2002,1317,7544410,17.46
181,Bulgaria,BGR,2003,1092,7493166,14.57
182,Bulgaria,BGR,2004,1013,7447563,13.6
183,Bulgaria,BGR,2005,982,7404051,13.26
184,Bulgaria,BGR,2006,977,7358508,13.28
185,Bulgaria,BGR,2007,902,7312474,12.34
186,Bulgaria,BGR,2008,939,7267511,12.92
187,Bulgaria,BGR,2009,868,7219817,12.02
188,Bulgaria,BGR,2010,859,7162740,11.99
189,Bulgaria,BGR,2011,763,7056527,10.81
190,Bulgaria,BGR,2012,872,6959652,12.53
191,Bulgaria,BGR,2013,721,6920644,10.42
192,Bulgaria,BGR,2014,724,6883874,10.52
193,Cabo Verde,CPV,2011,42,452179,9.29
194,Canada,CAN,2002,3650,29642114,12.31
195,Canada,CAN,2003,3765,29958833,12.57
196,Canada,CAN,2004,3613,30283966,11.93
197,Canada,CAN,2005,3743,30597090,12.23
198,Canada,CAN,2006,3512,30902962,11.36
199,Canada,CAN,2007,3611,31242631,11.56
200,Canada,CAN,2008,3705,31588641,11.73
201,Canada,CAN,2009,3890,31937357,12.18
202,Canada,CAN,2010,3951,32286140,12.24
203,Canada,CAN,2011,3728,32615418,11.43
204,Canada,CAN,2012,3926,32961196,11.91
205,Canada,CAN,2013,4054,33314836,12.17
206,Chile,CHL,2002,1603,14332840,11.18
207,Chile,CHL,2003,1654,14523758,11.39
208,Chile,CHL,2004,1735,14710993,11.79
209,Chile,CHL,2005,1682,14893574,11.29
210,Chile,CHL,2006,1795,15071596,11.91
211,Chile,CHL,2007,1848,15245435,12.12
212,Chile,CHL,2008,2088,15415661,13.54
213,Chile,CHL,2009,2148,15584149,13.78
214,Chile,CHL,2010,2001,15751851,12.7
215,Chile,CHL,2011,2027,15910783,12.74
216,Chile,CHL,2012,1841,16075247,11.45
217,Chile,CHL,2013,1738,16242244,10.7
218,Chile,CHL,2014,1789,16406867,10.9
219,Chile,CHL,2015,1838,16565725,11.1
220,Colombia,COL,2002,2379,37478276,6.35
221,Colombia,COL,2003,2269,38044513,5.96
222,Colombia,COL,2004,2244,38604716,5.81
223,Colombia,COL,2005,2102,39172790,5.37
224,Colombia,COL,2006,2177,39708676,5.48
225,Colombia,COL,2007,2181,40275206,5.42
226,Colombia,COL,2008,2220,40859129,5.43
227,Colombia,COL,2009,2249,41436173,5.43
228,Colombia,COL,2010,2107,41989103,5.02
229,Colombia,COL,2011,2044,42538305,4.81
230,Colombia,COL,2012,2119,43055864,4.92
231,Colombia,COL,2013,2068,43546298,4.75
232,Colombia,COL,2014,2126,44021800,4.83
233,Colombia,COL,2015,2332,44490427,5.24
234,Costa Rica,CRI,2002,275,3680372,7.47
235,Costa Rica,CRI,2003,315,3751871,8.4
236,Costa Rica,CRI,2004,325,3820857,8.51
237,Costa Rica,CRI,2005,272,3887096,7.0
238,Costa Rica,CRI,2006,350,3953916,8.85
239,Costa Rica,CRI,2007,270,4015241,6.72
240,Costa Rica,CRI,2008,261,4072561,6.41
241,Costa Rica,CRI,2009,278,4128459,6.73
242,Costa Rica,CRI,2010,311,4184663,7.43
243,Costa Rica,CRI,2011,316,4235514,7.46
244,Costa Rica,CRI,2012,302,4290210,7.04
245,Costa Rica,CRI,2013,311,4347229,7.15
246,Costa Rica,CRI,2014,268,4403674,6.09
247,Croatia,HRV,2002,874,4217300,20.72
248,Croatia,HRV,2003,865,4225600,20.47
249,Croatia,HRV,2004,871,4229600,20.59
250,Croatia,HRV,2005,874,4235875,20.63
251,Croatia,HRV,2006,796,4234946,18.8
252,Croatia,HRV,2007,775,4230855,18.32
253,Croatia,HRV,2008,793,4225583,18.77
254,Croatia,HRV,2009,790,4216050,18.74
255,Croatia,HRV,2010,776,4203963,18.46
256,Croatia,HRV,2011,702,4189029,16.76
257,Croatia,HRV,2012,776,4054296,19.14
258,Croatia,HRV,2013,692,4044457,17.11
259,Croatia,HRV,2014,722,4030452,17.91
260,Croatia,HRV,2015,739,4001669,18.47
261,Croatia,HRV,2016,683,3567043,19.15
262,Cuba,CUB,2002,1606,10479415,15.33
263,Cuba,CUB,2003,1499,10531074,14.23
264,Cuba,CUB,2004,1515,10578701,14.32
265,Cuba,CUB,2005,1397,10616406,13.16
266,Cuba,CUB,2006,1376,10653638,12.92
267,Cuba,CUB,2007,1307,10678023,12.24
268,Cuba,CUB,2008,1377,10693814,12.88
269,Cuba,CUB,2009,1477,10708230,13.79
270,Cuba,CUB,2010,1558,10725848,14.53
271,Cuba,CUB,2011,1529,10748034,14.23
272,Cuba,CUB,2012,1495,10770535,13.88
273,Cuba,CUB,2013,1499,10792690,13.89
274,Cuba,CUB,2014,1453,10813411,13.44
275,Cuba,CUB,2015,1511,10832068,13.95
276,Cyprus,CYP,2004,7,690616,1.01
277,Cyprus,CYP,2005,17,701263,2.42
278,Cyprus,CYP,2006,19,713426,2.66
279,Cyprus,CYP,2007,19,728566,2.61
280,Cyprus,CYP,2008,41,747034,5.49
281,Cyprus,CYP,2009,32,767174,4.17
282,Cyprus,CYP,2010,38,787081,4.83
283,Cyprus,CYP,2011,30,800820,3.75
284,Cyprus,CYP,2012,36,814305,4.42
285,Cyprus,CYP,2013,45,813016,5.53
286,Cyprus,CYP,2014,44,804818,5.47
287,Cyprus,CYP,2015,40,796037,5.02
288,Cyprus,CYP,2016,36,711344,5.06
289,Czech Republic,CZE,2002,1534,9752463,15.73
290,Czech Republic,CZE,2003,1719,9748550,17.63
291,Czech Republic,CZE,2004,1583,9746647,16.24
292,Czech Republic,CZE,2005,1565,9761733,16.03
293,Czech Republic,CZE,2006,1400,9780319,14.31
294,Czech Republic,CZE,2007,1379,9818295,14.05
295,Czech Republic,CZE,2008,1379,9899594,13.93
296,Czech Republic,CZE,2009,1464,9937407,14.73
297,Czech Republic,CZE,2010,1502,9945273,15.1
298,Czech Republic,CZE,2011,1590,9906318,16.05
299,Czech Republic,CZE,2012,1658,9923127,16.71
300,Czech Republic,CZE,2013,1577,9936780,15.87
301,Czech Republic,CZE,2014,1489,9963127,14.95
302,Czech Republic,CZE,2015,1387,9989325,13.88
303,Czech Republic,CZE,2016,1318,8929942,14.76
304,Denmark,DNK,2002,688,5041222,13.65
305,Denmark,DNK,2003,633,5056783,12.52
306,Denmark,DNK,2004,661,5072927,13.03
307,Denmark,DNK,2005,631,5089852,12.4
308,Denmark,DNK,2006,650,5110460,12.72
309,Denmark,DNK,2007,581,5133001,11.32
310,Denmark,DNK,2008,603,5162525,11.68
311,Denmark,DNK,2009,622,5192790,11.98
312,Denmark,DNK,2010,563,5217785,10.79
313,Denmark,DNK,2011,589,5244150,11.23
314,Denmark,DNK,2012,661,5270539,12.54
315,Denmark,DNK,2013,610,5299698,11.51
316,Denmark,DNK,2014,629,5339166,11.78
317,Denmark,DNK,2015,564,5383060,10.48
318,Ecuador,ECU,2002,577,11548770,5.0
319,Ecuador,ECU,2003,675,11771002,5.73
320,Ecuador,ECU,2004,791,11994153,6.59
321,Ecuador,ECU,2005,943,12217643,7.72
322,Ecuador,ECU,2006,900,12449374,7.23
323,Ecuador,ECU,2007,1005,12677354,7.93
324,Ecuador,ECU,2008,928,12903183,7.19
325,Ecuador,ECU,2009,964,13130161,7.34
326,Ecuador,ECU,2010,912,13360285,6.83
327,Ecuador,ECU,2011,918,13583553,6.76
328,Ecuador,ECU,2012,976,13815861,7.06
329,Ecuador,ECU,2013,676,14054613,4.81
330,Ecuador,ECU,2014,734,14295145,5.13
331,Ecuador,ECU,2015,1073,14534024,7.38
332,El Salvador,SLV,2002,436,5230458,8.34
333,El Salvador,SLV,2003,527,5283542,9.97
334,El Salvador,SLV,2004,464,5333170,8.7
335,El Salvador,SLV,2005,455,5378879,8.46
336,El Salvador,SLV,2006,411,5429044,7.57
337,El Salvador,SLV,2007,501,5467861,9.16
338,El Salvador,SLV,2008,490,5499287,8.91
339,El Salvador,SLV,2009,506,5528910,9.15
340,El Salvador,SLV,2010,399,5560453,7.18
341,El Salvador,SLV,2011,485,5585785,8.68
342,El Salvador,SLV,2012,512,5618823,9.11
343,El Salvador,SLV,2013,484,5657250,8.56
344,El Salvador,SLV,2014,386,5696329,6.78
345,Estonia,EST,2002,371,1316690,28.18
346,Estonia,EST,2003,342,1307160,26.16
347,Estonia,EST,2004,323,1297650,24.89
348,Estonia,EST,2005,273,1288495,21.19
349,Estonia,EST,2006,247,1278915,19.31
350,Estonia,EST,2007,251,1270415,19.76
351,Estonia,EST,2008,242,1264005,19.15
352,Estonia,EST,2009,269,1259010,21.37
353,Estonia,EST,2010,223,1254225,17.78
354,Estonia,EST,2011,218,1249427,17.45
355,Estonia,EST,2012,237,1251631,18.94
356,Estonia,EST,2013,218,1243096,17.54
357,Estonia,EST,2014,241,1241852,19.41
358,Estonia,EST,2015,195,1243450,15.68
359,Fiji,FJI,2002,42,723187,5.81
360,Fiji,FJI,2003,10,725591,1.38
361,Fiji,FJI,2004,24,728408,3.29
362,Fiji,FJI,2005,22,732607,3.0
363,Fiji,FJI,2006,24,737759,3.25
364,Fiji,FJI,2007,13,745055,1.74
365,Fiji,FJI,2008,37,753658,4.91
366,Fiji,FJI,2009,26,762403,3.41
367,Fiji,FJI,2011,38,776325,4.89
368,Fiji,FJI,2012,32,782939,4.09
369,Finland,FIN,2002,1095,4915614,22.28
370,Finland,FIN,2003,1075,4929856,21.81
371,Finland,FIN,2004,1064,4944765,21.52
372,Finland,FIN,2005,994,4961784,20.03
373,Finland,FIN,2006,1062,4979740,21.33
374,Finland,FIN,2007,995,4998853,19.9
375,Finland,FIN,2008,1033,5020096,20.58
376,Finland,FIN,2009,1034,5042316,20.51
377,Finland,FIN,2010,954,5063494,18.84
378,Finland,FIN,2011,912,5085985,17.93
379,Finland,FIN,2012,873,5110450,17.08
380,Finland,FIN,2013,887,5135433,17.27
381,Finland,FIN,2014,789,5159944,15.29
382,Finland,FIN,2015,731,5181797,14.11
383,France,FRA,2002,10643,55935517,19.03
384,France,FRA,2003,10871,56360402,19.29
385,France,FRA,2004,10804,56813922,19.02
386,France,FRA,2005,10713,57160687,18.74
387,France,FRA,2006,10423,57824447,18.03
388,France,FRA,2007,10127,58167011,17.41
389,France,FRA,2008,10353,58482967,17.7
390,France,FRA,2009,10499,58770727,17.86
391,France,FRA,2010,10379,59056283,17.57
392,France,FRA,2011,10408,59344643,17.54
393,France,FRA,2012,9743,59638457,16.34
394,France,FRA,2013,9600,59910069,16.02
395,France,FRA,2014,8881,60275954,14.73
396,Georgia,GEO,2004,175,4089850,4.28
397,Georgia,GEO,2005,87,4132000,2.11
398,Georgia,GEO,2006,72,4166500,1.73
399,Georgia,GEO,2007,104,4154900,2.5
400,Georgia,GEO,2009,188,4158750,4.52
401,Georgia,GEO,2010,112,4193800,2.67
402,Georgia,GEO,2011,99,4202600,2.36
403,Georgia,GEO,2012,104,4200900,2.48
404,Georgia,GEO,2013,157,4192600,3.74
405,Georgia,GEO,2014,194,3470600,5.59
406,Georgia,GEO,2015,192,3458400,5.55
407,Germany,DEU,2002,11176,78633771,14.21
408,Germany,DEU,2003,11155,78756461,14.16
409,Germany,DEU,2004,10741,78811814,13.63
410,Germany,DEU,2005,10270,78851254,13.02
411,Germany,DEU,2006,9775,78828994,12.4
412,Germany,DEU,2007,9409,78776585,11.94
413,Germany,DEU,2008,9459,78662789,12.02
414,Germany,DEU,2009,9579,78448602,12.21
415,Germany,DEU,2010,10030,78349067,12.8
416,Germany,DEU,2011,10153,78371140,12.96
417,Germany,DEU,2012,9896,78508115,12.61
418,Germany,DEU,2013,10091,77270988,13.06
419,Germany,DEU,2014,10217,77552369,13.17
420,Germany,DEU,2015,10088,78136683,12.91
421,Greece,GRC,2002,323,10482045,3.08
422,Greece,GRC,2003,375,10515665,3.57
423,Greece,GRC,2004,353,10547290,3.35
424,Greece,GRC,2005,400,10582816,3.78
425,Greece,GRC,2006,394,10618891,3.71
426,Greece,GRC,2007,328,10653591,3.08
427,Greece,GRC,2008,373,10686723,3.49
428,Greece,GRC,2009,391,10719618,3.65
429,Greece,GRC,2010,377,10735384,3.51
430,Greece,GRC,2011,477,10728724,4.45
431,Greece,GRC,2012,508,10539802,4.82
432,Greece,GRC,2013,533,10431289,5.11
433,Greece,GRC,2014,565,10380547,5.44
434,Greece,GRC,2015,529,10331286,5.12
435,Grenada,GRD,2002,0,91908,0.0
436,Grenada,GRD,2003,4,92567,4.32
437,Grenada,GRD,2004,1,93202,1.07
438,Grenada,GRD,2005,6,93685,6.4
439,Grenada,GRD,2006,1,94126,1.06
440,Grenada,GRD,2007,3,94418,3.18
441,Grenada,GRD,2008,0,94585,0.0
442,Grenada,GRD,2009,0,94746,0.0
443,Grenada,GRD,2010,0,94980,0.0
444,Grenada,GRD,2011,1,95102,1.05
445,Grenada,GRD,2012,2,95426,2.1
446,Grenada,GRD,2013,0,95876,0.0
447,Grenada,GRD,2014,0,96393,0.0
448,Grenada,GRD,2015,0,96892,0.0
449,Grenada,GRD,2016,0,79012,0.0
450,Guatemala,GTM,2002,258,10277166,2.51
451,Guatemala,GTM,2003,253,10542980,2.4
452,Guatemala,GTM,2004,250,10817808,2.31
453,Guatemala,GTM,2005,238,11104906,2.14
454,Guatemala,GTM,2006,298,11397134,2.61
455,Guatemala,GTM,2007,327,11708397,2.79
456,Guatemala,GTM,2008,492,12032885,4.09
457,Guatemala,GTM,2009,511,12359945,4.13
458,Guatemala,GTM,2010,352,12682151,2.78
459,Guatemala,GTM,2011,359,13017342,2.76
460,Guatemala,GTM,2012,420,13335425,3.15
461,Guatemala,GTM,2013,455,13641878,3.34
462,Guatemala,GTM,2014,512,13947190,3.67
463,Guatemala,GTM,2015,494,14258397,3.46
464,Guyana,GUY,2002,176,662839,26.55
465,Guyana,GUY,2003,198,664705,29.79
466,Guyana,GUY,2004,186,666308,27.92
467,Guyana,GUY,2005,169,667709,25.31
468,Guyana,GUY,2006,201,668408,30.07
469,Guyana,GUY,2007,185,668788,27.66
470,Guyana,GUY,2008,168,669253,25.1
471,Guyana,GUY,2009,156,670155,23.28
472,Guyana,GUY,2010,205,671825,30.51
473,Guyana,GUY,2011,192,675283,28.43
474,Guyana,GUY,2012,206,679356,30.32
475,Guyana,GUY,2013,210,683867,30.71
476,Hungary,HUN,2002,2839,9680164,29.33
477,Hungary,HUN,2003,2800,9652533,29.01
478,Hungary,HUN,2004,2742,9630044,28.47
479,Hungary,HUN,2005,2619,9608943,27.26
480,Hungary,HUN,2006,2461,9591110,25.66
481,Hungary,HUN,2007,2450,9572938,25.59
482,Hungary,HUN,2008,2476,9552784,25.92
483,Hungary,HUN,2009,2460,9534237,25.8
484,Hungary,HUN,2010,2489,9514005,26.16
485,Hungary,HUN,2011,2420,9495011,25.49
486,Hungary,HUN,2012,2349,9453181,24.85
487,Hungary,HUN,2013,2092,9433840,22.18
488,Hungary,HUN,2014,1925,9412788,20.45
489,Hungary,HUN,2015,1868,9389519,19.89
490,Hungary,HUN,2016,1761,8390370,20.99
491,Iceland,ISL,2002,30,266455,11.26
492,Iceland,ISL,2003,26,268330,9.69
493,Iceland,ISL,2004,35,271588,12.89
494,Iceland,ISL,2005,33,274929,12.0
495,Iceland,ISL,2006,32,282999,11.31
496,Iceland,ISL,2007,37,289712,12.77
497,Iceland,ISL,2008,38,296836,12.8
498,Iceland,ISL,2009,36,296204,12.15
499,Iceland,ISL,2010,46,294620,15.61
500,Iceland,ISL,2011,27,295475,9.14
501,Iceland,ISL,2012,37,297238,12.45
502,Iceland,ISL,2013,49,300456,16.31
503,Iceland,ISL,2014,44,304472,14.45
504,Iceland,ISL,2015,40,308554,12.96
505,Iceland,ISL,2016,40,268773,14.88
506,Ireland,IRL,2002,449,3639573,12.34
507,Ireland,IRL,2003,454,3694079,12.29
508,Ireland,IRL,2004,464,3752679,12.36
509,Ireland,IRL,2005,451,3833357,11.77
510,Ireland,IRL,2006,452,3937578,11.48
511,Ireland,IRL,2007,458,4026707,11.37
512,Ireland,IRL,2008,506,4094192,12.36
513,Ireland,IRL,2009,527,4117667,12.8
514,Ireland,IRL,2010,486,4264857,11.4
515,Ireland,IRL,2011,554,4218849,13.13
516,Ireland,IRL,2012,542,4220806,12.84
517,Ireland,IRL,2013,487,4227378,11.52
518,Ireland,IRL,2014,486,4328043,11.23
519,Israel,ISR,2002,382,5895508,6.48
520,Israel,ISR,2003,417,6003127,6.95
521,Israel,ISR,2004,411,6109931,6.73
522,Israel,ISR,2005,425,6220861,6.83
523,Israel,ISR,2006,367,6334485,5.79
524,Israel,ISR,2007,326,6448814,5.06
525,Israel,ISR,2008,354,6565602,5.39
526,Israel,ISR,2009,404,6731835,6.0
527,Israel,ISR,2010,480,6849825,7.01
528,Israel,ISR,2011,409,6971495,5.87
529,Israel,ISR,2012,430,7095360,6.06
530,Israel,ISR,2013,372,7226008,5.15
531,Israel,ISR,2014,382,7366252,5.19
532,Israel,ISR,2015,342,7516180,4.55
533,Italy,ITA,2002,4069,54526842,7.46
534,Italy,ITA,2003,4075,54937570,7.42
535,Italy,ITA,2004,3986,54988156,7.25
536,Italy,ITA,2005,3742,55244690,6.77
537,Italy,ITA,2006,3700,56180672,6.59
538,Italy,ITA,2007,3757,56583578,6.64
539,Italy,ITA,2008,3904,57009825,6.85
540,Italy,ITA,2009,3974,57351830,6.93
541,Italy,ITA,2010,3989,57637843,6.92
542,Italy,ITA,2011,4153,56610149,7.34
543,Italy,ITA,2012,4257,56795085,7.5
544,Italy,ITA,2013,4290,57503331,7.46
545,Italy,ITA,2014,4147,58100676,7.14
546,Italy,ITA,2015,3988,58117697,6.86
547,Jamaica,JAM,2002,2,2415717,0.08
548,Jamaica,JAM,2003,2,2440426,0.08
549,Jamaica,JAM,2004,1,2464408,0.04
550,Jamaica,JAM,2005,51,2487169,2.05
551,Jamaica,JAM,2006,0,2512597,0.0
552,Jamaica,JAM,2009,36,2568883,1.4
553,Jamaica,JAM,2010,3,2586652,0.12
554,Jamaica,JAM,2011,50,2601037,1.92
555,Japan,JPN,2002,29715,120189000,24.72
556,Japan,JPN,2003,31881,120395000,26.48
557,Japan,JPN,2004,30034,120500000,24.92
558,Japan,JPN,2005,30369,120657507,25.17
559,Japan,JPN,2006,29769,120702000,24.66
560,Japan,JPN,2007,30665,120704000,25.41
561,Japan,JPN,2008,30073,120602000,24.94
562,Japan,JPN,2009,30523,120496000,25.33
563,Japan,JPN,2010,29411,121127267,24.28
564,Japan,JPN,2011,28766,120927000,23.79
565,Japan,JPN,2012,26338,120735000,21.81
566,Japan,JPN,2013,25991,120514000,21.57
567,Japan,JPN,2014,24357,120274000,20.25
568,Japan,JPN,2015,23092,120376310,19.18
569,Kazakhstan,KAZ,2002,4240,13777476,30.77
570,Kazakhstan,KAZ,2003,4321,13811863,31.28
571,Kazakhstan,KAZ,2004,4394,13873328,31.67
572,Kazakhstan,KAZ,2005,3903,13947770,27.98
573,Kazakhstan,KAZ,2006,4076,14037676,29.04
574,Kazakhstan,KAZ,2007,4141,14125606,29.32
575,Kazakhstan,KAZ,2008,3997,14216053,28.12
576,Kazakhstan,KAZ,2009,3838,14370635,26.71
577,Kazakhstan,KAZ,2010,3609,14713167,24.53
578,Kazakhstan,KAZ,2011,3401,14853350,22.9
579,Kazakhstan,KAZ,2012,3240,15023549,21.57
580,Kazakhstan,KAZ,2013,3512,15215382,23.08
581,Kazakhstan,KAZ,2014,3119,15428844,20.22
582,Kazakhstan,KAZ,2015,2872,15646752,18.36
583,Kuwait,KWT,2002,45,2158603,2.08
584,Kuwait,KWT,2003,44,1950622,2.26
585,Kuwait,KWT,2004,45,1996086,2.25
586,Kuwait,KWT,2005,52,2062968,2.52
587,Kuwait,KWT,2006,45,2165713,2.08
588,Kuwait,KWT,2007,51,3074918,1.66
589,Kuwait,KWT,2008,47,3369394,1.39
590,Kuwait,KWT,2009,61,3165654,1.93
591,Kuwait,KWT,2010,39,3281614,1.19
592,Kuwait,KWT,2011,41,3333698,1.23
593,Kuwait,KWT,2012,56,3496698,1.6
594,Kuwait,KWT,2013,41,3574090,1.15
595,Kuwait,KWT,2014,68,3715284,1.83
596,Kyrgyzstan,KGZ,2002,567,4473163,12.68
597,Kyrgyzstan,KGZ,2003,479,4520843,10.6
598,Kyrgyzstan,KGZ,2004,438,4572278,9.58
599,Kyrgyzstan,KGZ,2005,470,4614533,10.19
600,Kyrgyzstan,KGZ,2006,463,4646475,9.96
601,Kyrgyzstan,KGZ,2007,482,4668640,10.32
602,Kyrgyzstan,KGZ,2008,473,4690924,10.08
603,Kyrgyzstan,KGZ,2009,458,4800134,9.54
604,Kyrgyzstan,KGZ,2010,500,4837556,10.34
605,Kyrgyzstan,KGZ,2011,471,4870538,9.67
606,Kyrgyzstan,KGZ,2012,524,4932360,10.62
607,Kyrgyzstan,KGZ,2013,446,5012200,8.9
608,Kyrgyzstan,KGZ,2014,461,5096430,9.05
609,Kyrgyzstan,KGZ,2015,417,5195827,8.03
610,Latvia,LVA,2002,670,2214484,30.26
611,Latvia,LVA,2003,604,2190211,27.58
612,Latvia,LVA,2004,563,2163477,26.02
613,Latvia,LVA,2005,564,2137831,26.38
614,Latvia,LVA,2006,487,2115215,23.02
615,Latvia,LVA,2007,453,2093878,21.63
616,Latvia,LVA,2008,527,2067529,25.49
617,Latvia,LVA,2009,516,2030316,25.41
618,Latvia,LVA,2010,438,1987906,22.03
619,Latvia,LVA,2011,440,1953611,22.52
620,Latvia,LVA,2012,444,1931521,22.99
621,Latvia,LVA,2013,383,1912464,20.03
622,Latvia,LVA,2014,382,1894041,20.17
623,Latvia,LVA,2015,387,1875522,20.63
624,Lithuania,LTU,2002,1551,3274488,47.37
625,Lithuania,LTU,2003,1455,3254127,44.71
626,Lithuania,LTU,2004,1380,3222969,42.82
627,Lithuania,LTU,2005,1319,3174728,41.55
628,Lithuania,LTU,2006,1049,3125767,33.56
629,Lithuania,LTU,2007,1025,3087867,33.19
630,Lithuania,LTU,2008,1111,3053756,36.38
631,Lithuania,LTU,2009,1138,3016497,37.73
632,Lithuania,LTU,2010,1018,2949737,34.51
633,Lithuania,LTU,2011,1018,2879805,35.35
634,Lithuania,LTU,2012,927,2837770,32.67
635,Lithuania,LTU,2013,1085,2806627,38.66
636,Lithuania,LTU,2014,930,2781577,33.43
637,Lithuania,LTU,2015,896,2753926,32.54
638,Lithuania,LTU,2016,822,2445296,33.62
639,Luxembourg,LUX,2002,85,418106,20.33
640,Luxembourg,LUX,2003,48,423654,11.33
641,Luxembourg,LUX,2004,62,430128,14.41
642,Luxembourg,LUX,2005,49,437338,11.2
643,Luxembourg,LUX,2006,65,444821,14.61
644,Luxembourg,LUX,2007,78,452012,17.26
645,Luxembourg,LUX,2008,43,460371,9.34
646,Luxembourg,LUX,2009,48,469209,10.23
647,Luxembourg,LUX,2010,54,477979,11.3
648,Luxembourg,LUX,2011,55,488918,11.25
649,Luxembourg,LUX,2012,51,501044,10.18
650,Luxembourg,LUX,2013,40,512689,7.8
651,Luxembourg,LUX,2014,67,524940,12.76
652,Luxembourg,LUX,2015,64,537748,11.9
653,Maldives,MDV,2002,3,263747,1.14
654,Maldives,MDV,2003,4,272110,1.47
655,Maldives,MDV,2004,1,280526,0.36
656,Maldives,MDV,2005,1,288936,0.35
657,Maldives,MDV,2007,5,305536,1.64
658,Maldives,MDV,2008,0,313924,0.0
659,Maldives,MDV,2010,1,331559,0.3
660,Maldives,MDV,2011,2,341018,0.59
661,Malta,MLT,2002,19,374456,5.07
662,Malta,MLT,2003,20,377785,5.29
663,Malta,MLT,2004,24,380918,6.3
664,Malta,MLT,2005,19,384111,4.95
665,Malta,MLT,2006,26,386038,6.74
666,Malta,MLT,2007,26,387581,6.71
667,Malta,MLT,2008,14,390195,3.59
668,Malta,MLT,2009,36,393102,9.16
669,Malta,MLT,2010,31,394949,7.85
670,Malta,MLT,2011,20,396423,5.05
671,Malta,MLT,2012,25,399138,6.26
672,Malta,MLT,2013,22,402728,5.46
673,Malta,MLT,2014,32,406525,7.87
674,Malta,MLT,2015,34,410637,8.28
675,Mauritius,MUS,2002,131,1079755,12.13
676,Mauritius,MUS,2003,88,1092234,8.06
677,Mauritius,MUS,2004,97,1103091,8.79
678,Mauritius,MUS,2005,102,1113942,9.16
679,Mauritius,MUS,2006,118,1125301,10.49
680,Mauritius,MUS,2007,127,1135233,11.19
681,Mauritius,MUS,2008,84,1146258,7.33
682,Mauritius,MUS,2009,115,1159551,9.92
683,Mauritius,MUS,2010,98,1164931,8.41
684,Mauritius,MUS,2011,118,1173352,10.06
685,Mauritius,MUS,2012,115,1180547,9.74
686,Mauritius,MUS,2013,98,1147390,8.54
687,Mauritius,MUS,2014,120,1151424,10.42
688,Mauritius,MUS,2015,104,1154848,9.01
689,Mauritius,MUS,2016,98,992432,9.87
690,Mexico,MEX,2002,3826,92394316,4.14
691,Mexico,MEX,2003,4070,93758859,4.34
692,Mexico,MEX,2004,4056,95193068,4.26
693,Mexico,MEX,2005,4274,96730008,4.42
694,Mexico,MEX,2006,4230,98468839,4.3
695,Mexico,MEX,2007,4285,100294297,4.27
696,Mexico,MEX,2008,4642,102170587,4.54
697,Mexico,MEX,2009,5023,104044342,4.83
698,Mexico,MEX,2010,4858,105875861,4.59
699,Mexico,MEX,2011,5558,107655100,5.16
700,Mexico,MEX,2012,5381,109368765,4.92
701,Mexico,MEX,2013,5711,111036708,5.14
702,Mexico,MEX,2014,6178,112692589,5.48
703,Mexico,MEX,2015,6234,114357884,5.45
704,Mongolia,MNG,2016,423,2167589,19.51
705,Montenegro,MNE,2002,0,578668,0.0
706,Montenegro,MNE,2003,0,579688,0.0
707,Montenegro,MNE,2004,0,581623,0.0
708,Montenegro,MNE,2005,118,583232,20.23
709,Montenegro,MNE,2006,0,584885,0.0
710,Montenegro,MNE,2007,121,587244,20.6
711,Montenegro,MNE,2008,126,589953,21.36
712,Montenegro,MNE,2009,107,592234,18.07
713,Netherlands,NLD,2002,1570,15130318,10.38
714,Netherlands,NLD,2003,1502,15203397,9.88
715,Netherlands,NLD,2004,1514,15265861,9.92
716,Netherlands,NLD,2005,1574,15320595,10.27
717,Netherlands,NLD,2006,1525,15368697,9.92
718,Netherlands,NLD,2007,1354,15425404,8.78
719,Netherlands,NLD,2008,1439,15506963,9.28
720,Netherlands,NLD,2009,1530,15602176,9.81
721,Netherlands,NLD,2010,1604,15691409,10.22
722,Netherlands,NLD,2011,1650,15772162,10.46
723,Netherlands,NLD,2012,1756,15839503,11.09
724,Netherlands,NLD,2013,1856,15899508,11.67
725,Netherlands,NLD,2014,1839,15899508,11.57
726,Netherlands,NLD,2015,1873,16057342,11.66
727,Netherlands,NLD,2016,1886,14239554,13.24
728,New Zealand,NZL,2002,467,3659190,12.76
729,New Zealand,NZL,2003,519,3729420,13.92
730,New Zealand,NZL,2004,495,3802510,13.02
731,New Zealand,NZL,2005,514,3849280,13.35
732,New Zealand,NZL,2006,527,3898600,13.52
733,New Zealand,NZL,2007,494,3935450,12.55
734,New Zealand,NZL,2008,520,3968450,13.1
735,New Zealand,NZL,2009,512,4009980,12.77
736,New Zealand,NZL,2010,536,4055470,13.22
737,New Zealand,NZL,2011,493,4090460,12.05
738,New Zealand,NZL,2012,549,4120870,13.32
739,New Zealand,NZL,2013,513,4129770,12.42
740,Nicaragua,NIC,2010,351,5107427,6.87
741,Nicaragua,NIC,2011,369,5177921,7.13
742,Nicaragua,NIC,2012,316,5251443,6.02
743,Nicaragua,NIC,2013,351,5326935,6.59
744,Nicaragua,NIC,2014,311,5402424,5.76
745,Nicaragua,NIC,2015,315,5476483,5.75
746,Norway,NOR,2002,494,4243689,11.64
747,Norway,NOR,2003,502,4273124,11.75
748,Norway,NOR,2004,529,4301960,12.3
749,Norway,NOR,2005,533,4335092,12.3
750,Norway,NOR,2006,532,4372103,12.17
751,Norway,NOR,2007,485,4417369,10.98
752,Norway,NOR,2008,505,4472089,11.29
753,Norway,NOR,2009,573,4527536,12.66
754,Norway,NOR,2010,548,4582885,11.96
755,Norway,NOR,2011,598,4643300,12.88
756,Norway,NOR,2012,515,4706585,10.94
757,Norway,NOR,2013,554,4767605,11.62
758,Norway,NOR,2014,548,4827178,11.35
759,Norway,NOR,2015,590,4882909,12.08
760,Oman,OMN,2009,13,2607549,0.5
761,Oman,OMN,2010,13,2748440,0.47
762,Oman,OMN,2014,7,3631098,0.19
763,Panama,PAN,2002,160,2800046,5.71
764,Panama,PAN,2003,195,2858964,6.82
765,Panama,PAN,2004,186,2918453,6.37
766,Panama,PAN,2005,172,2977595,5.78
767,Panama,PAN,2006,185,3037959,6.09
768,Panama,PAN,2007,171,3097138,5.52
769,Panama,PAN,2008,186,3155636,5.89
770,Panama,PAN,2009,177,3214513,5.51
771,Panama,PAN,2010,151,3274415,4.61
772,Panama,PAN,2011,144,3334191,4.32
773,Panama,PAN,2012,135,3395244,3.98
774,Panama,PAN,2013,130,3457387,3.76
775,Panama,PAN,2014,147,3520213,4.18
776,Panama,PAN,2015,110,3583382,3.07
777,Paraguay,PRY,2002,177,4809921,3.68
778,Paraguay,PRY,2003,174,4920489,3.54
779,Paraguay,PRY,2004,234,5027301,4.65
780,Paraguay,PRY,2005,239,5126457,4.66
781,Paraguay,PRY,2006,251,5223460,4.81
782,Paraguay,PRY,2007,227,5307169,4.28
783,Paraguay,PRY,2008,222,5382169,4.12
784,Paraguay,PRY,2009,283,5456220,5.19
785,Paraguay,PRY,2010,223,5534703,4.03
786,Paraguay,PRY,2011,298,5610499,5.31
787,Paraguay,PRY,2012,275,5695283,4.83
788,Paraguay,PRY,2013,323,5786207,5.58
789,Paraguay,PRY,2014,379,5877594,6.45
790,Philippines,PHL,2002,1301,70256443,1.85
791,Philippines,PHL,2003,1544,71781489,2.15
792,Philippines,PHL,2006,1788,76435755,2.34
793,Philippines,PHL,2007,1698,78008654,2.18
794,Philippines,PHL,2008,1820,79595888,2.29
795,Philippines,PHL,2009,2074,81193855,2.55
796,Philippines,PHL,2010,2116,82760992,2.56
797,Philippines,PHL,2011,2449,84201767,2.91
798,Poland,POL,2002,5925,36347498,16.3
799,Poland,POL,2003,5836,36353775,16.05
800,Poland,POL,2004,6072,36371596,16.69
801,Poland,POL,2005,6045,36371365,16.62
802,Poland,POL,2006,5805,36348232,15.97
803,Poland,POL,2007,5284,36310843,14.55
804,Poland,POL,2008,5682,36262711,15.67
805,Poland,POL,2009,6477,36223402,17.88
806,Poland,POL,2010,6357,36027791,17.64
807,Poland,POL,2011,6113,36008237,16.98
808,Poland,POL,2012,6368,36013446,17.68
809,Poland,POL,2013,6218,36023694,17.26
810,Poland,POL,2014,5934,36059630,16.46
811,Poland,POL,2015,5420,36086575,15.02
812,Portugal,PRT,2002,1210,9859832,12.27
813,Portugal,PRT,2003,1156,9895009,11.68
814,Portugal,PRT,2007,1020,10005713,10.19
815,Portugal,PRT,2008,1038,10030640,10.35
816,Portugal,PRT,2009,1025,10049918,10.2
817,Portugal,PRT,2010,1099,10066628,10.92
818,Portugal,PRT,2011,1017,10062815,10.11
819,Portugal,PRT,2012,1076,10029396,10.73
820,Portugal,PRT,2013,1052,9985074,10.54
821,Portugal,PRT,2014,1222,9944433,12.29
822,Puerto Rico,PRI,2002,239,3523951,6.78
823,Puerto Rico,PRI,2003,262,3519026,7.45
824,Puerto Rico,PRI,2004,279,3511462,7.95
825,Puerto Rico,PRI,2005,289,3504599,8.25
826,Puerto Rico,PRI,2006,265,3499036,7.57
827,Puerto Rico,PRI,2007,271,3493631,7.76
828,Puerto Rico,PRI,2008,300,3488811,8.6
829,Puerto Rico,PRI,2009,330,3484474,9.47
830,Puerto Rico,PRI,2010,286,3480379,8.22
831,Puerto Rico,PRI,2011,258,3475298,7.42
832,Puerto Rico,PRI,2012,248,3472672,7.14
833,Puerto Rico,PRI,2013,241,3471665,6.94
834,Puerto Rico,PRI,2014,220,3470956,6.34
835,Puerto Rico,PRI,2015,226,3469521,6.51
836,Qatar,QAT,2004,21,697191,3.01
837,Qatar,QAT,2005,17,796618,2.13
838,Qatar,QAT,2006,29,940090,3.08
839,Qatar,QAT,2007,41,1115479,3.68
840,Qatar,QAT,2008,33,1310465,2.52
841,Qatar,QAT,2009,44,1506649,2.92
842,Qatar,QAT,2010,47,1689592,2.78
843,Qatar,QAT,2011,50,1854081,2.7
844,Qatar,QAT,2012,43,2003149,2.15
845,Qatar,QAT,2013,37,2135349,1.73
846,Qatar,QAT,2014,55,2251682,2.44
847,Qatar,QAT,2015,66,2354147,2.8
848,Qatar,QAT,2016,68,2213121,3.07
849,Republic of Korea,KOR,2002,8611,45110041,19.09
850,Republic of Korea,KOR,2003,10898,45455888,23.97
851,Republic of Korea,KOR,2004,11492,45779970,25.1
852,Republic of Korea,KOR,2005,12011,46151884,26.02
853,Republic of Korea,KOR,2006,10653,46513964,22.9
854,Republic of Korea,KOR,2007,12174,46814207,26.0
855,Republic of Korea,KOR,2008,12858,47101747,27.3
856,Republic of Korea,KOR,2009,15402,47380017,32.51
857,Republic of Korea,KOR,2010,15558,47598615,32.69
858,Republic of Korea,KOR,2011,15906,47798017,33.28
859,Republic of Korea,KOR,2012,14159,48020985,29.49
860,Republic of Korea,KOR,2013,14426,48248224,29.9
861,Republic of Korea,KOR,2014,13834,48465917,28.54
862,Republic of Korea,KOR,2015,13510,48671752,27.76
863,Romania,ROU,2002,3067,20700580,14.82
864,Romania,ROU,2003,2894,20656841,14.01
865,Romania,ROU,2004,2720,20610767,13.2
866,Romania,ROU,2005,2603,20569960,12.65
867,Romania,ROU,2006,2721,20526561,13.26
868,Romania,ROU,2007,2430,20475026,11.87
869,Romania,ROU,2008,2472,20433803,12.1
870,Romania,ROU,2009,2586,20390882,12.68
871,Romania,ROU,2010,2766,20348649,13.59
872,Romania,ROU,2011,2536,20291701,12.5
873,Romania,ROU,2012,2495,19041594,13.1
874,Romania,ROU,2013,2407,19003345,12.67
875,Romania,ROU,2014,2209,18952235,11.66
876,Romania,ROU,2015,2228,18863927,11.81
877,Romania,ROU,2016,1953,16644905,11.73
878,Russian Federation,RUS,2002,55024,136590900,40.28
879,Russian Federation,RUS,2003,51445,137019868,37.55
880,Russian Federation,RUS,2004,49096,137071699,35.82
881,Russian Federation,RUS,2005,45802,136162191,33.64
882,Russian Federation,RUS,2006,42614,135357462,31.48
883,Russian Federation,RUS,2007,41149,134778964,30.53
884,Russian Federation,RUS,2008,38211,134385949,28.43
885,Russian Federation,RUS,2009,37408,134085433,27.9
886,Russian Federation,RUS,2010,33356,134865987,24.73
887,Russian Federation,RUS,2011,31038,134745874,23.03
888,Russian Federation,RUS,2012,29643,134668522,22.01
889,Russian Federation,RUS,2013,28690,134713962,21.3
890,Russian Federation,RUS,2014,26541,134713962,19.7
891,Russian Federation,RUS,2015,25432,137018943,18.56
892,Saint Lucia,LCA,2002,12,145168,8.27
893,Saint Lucia,LCA,2003,10,147127,6.8
894,Saint Lucia,LCA,2004,8,149121,5.36
895,Saint Lucia,LCA,2005,4,151169,2.65
896,Saint Lucia,LCA,2006,2,153460,1.3
897,Saint Lucia,LCA,2008,0,157876,0.0
898,Saint Lucia,LCA,2009,13,159820,8.13
899,Saint Lucia,LCA,2010,4,161503,2.48
900,Saint Lucia,LCA,2011,8,162892,4.91
901,Saint Lucia,LCA,2012,10,163940,6.1
902,Saint Lucia,LCA,2013,14,164790,8.5
903,Saint Lucia,LCA,2014,14,165596,8.45
904,Saint Vincent and Grenadines,VCT,2002,7,97799,7.16
905,Saint Vincent and Grenadines,VCT,2003,4,98292,4.07
906,Saint Vincent and Grenadines,VCT,2004,4,98740,4.05
907,Saint Vincent and Grenadines,VCT,2005,8,99118,8.07
908,Saint Vincent and Grenadines,VCT,2006,6,99463,6.03
909,Saint Vincent and Grenadines,VCT,2007,11,99689,11.03
910,Saint Vincent and Grenadines,VCT,2008,4,99826,4.01
911,Saint Vincent and Grenadines,VCT,2009,1,99927,1.0
912,Saint Vincent and Grenadines,VCT,2010,5,100050,5.0
913,Saint Vincent and Grenadines,VCT,2011,5,100037,5.0
914,Saint Vincent and Grenadines,VCT,2012,10,100167,9.98
915,Saint Vincent and Grenadines,VCT,2013,0,100398,0.0
916,Saint Vincent and Grenadines,VCT,2014,2,100676,1.99
917,Saint Vincent and Grenadines,VCT,2015,3,100948,2.97
918,San Marino,SMR,2005,1,28264,3.54
919,Serbia,SRB,2002,1446,7138113,20.26
920,Serbia,SRB,2003,1378,7111975,19.38
921,Serbia,SRB,2004,1345,7086364,18.98
922,Serbia,SRB,2005,1437,7058982,20.36
923,Serbia,SRB,2006,1443,7031811,20.52
924,Serbia,SRB,2007,1353,7009610,19.3
925,Serbia,SRB,2008,1289,6988532,18.44
926,Serbia,SRB,2009,1373,6968240,19.7
927,Serbia,SRB,2010,1207,6944871,17.38
928,Serbia,SRB,2011,1256,6900027,18.2
929,Serbia,SRB,2012,1243,6867174,18.1
930,Serbia,SRB,2013,1197,6832840,17.52
931,Serbia,SRB,2014,1134,6801810,16.67
932,Serbia,SRB,2015,1062,6766406,15.7
933,Seychelles,SYC,2002,5,76904,6.5
934,Seychelles,SYC,2003,8,78402,10.2
935,Seychelles,SYC,2004,6,79735,7.52
936,Seychelles,SYC,2005,5,80900,6.18
937,Seychelles,SYC,2006,8,81691,9.79
938,Seychelles,SYC,2007,6,82331,7.29
939,Seychelles,SYC,2008,4,82900,4.83
940,Seychelles,SYC,2009,4,83429,4.79
941,Seychelles,SYC,2010,6,83885,7.15
942,Seychelles,SYC,2011,5,80717,6.19
943,Seychelles,SYC,2012,3,81224,3.69
944,Seychelles,SYC,2013,9,82541,10.9
945,Seychelles,SYC,2014,4,83845,4.77
946,Seychelles,SYC,2015,7,85949,8.14
947,Singapore,SGP,2002,321,3165200,10.14
948,Singapore,SGP,2003,320,3226200,9.92
949,Singapore,SGP,2004,335,3281400,10.21
950,Singapore,SGP,2005,359,3342400,10.74
951,Singapore,SGP,2006,372,3411900,10.9
952,Singapore,SGP,2007,328,3389600,9.68
953,Singapore,SGP,2008,319,3448900,9.25
954,Singapore,SGP,2009,349,3536100,9.87
955,Singapore,SGP,2010,296,3576800,8.28
956,Singapore,SGP,2011,308,3600900,8.55
957,Singapore,SGP,2012,392,3631600,10.79
958,Singapore,SGP,2013,357,3661456,9.75
959,Singapore,SGP,2014,355,3689370,9.62
960,Singapore,SGP,2015,329,3719115,8.85
961,Slovakia,SVK,2002,717,5107584,14.04
962,Slovakia,SVK,2003,753,5113982,14.72
963,Slovakia,SVK,2004,676,5121210,13.2
964,Slovakia,SVK,2005,679,5126946,13.24
965,Slovakia,SVK,2006,0,5129369,0.0
966,Slovakia,SVK,2007,0,5132660,0.0
967,Slovakia,SVK,2008,591,5137067,11.5
968,Slovakia,SVK,2009,601,5141744,11.69
969,Slovakia,SVK,2010,631,5147562,12.26
970,Slovakia,SVK,2012,571,5116922,11.16
971,Slovakia,SVK,2013,616,5122209,12.03
972,Slovakia,SVK,2014,554,5129686,10.8
973,Slovenia,SVN,2002,540,1906124,28.33
974,Slovenia,SVN,2003,562,1907589,29.46
975,Slovenia,SVN,2004,512,1907862,26.84
976,Slovenia,SVN,2005,503,1911817,26.31
977,Slovenia,SVN,2006,529,1918570,27.57
978,Slovenia,SVN,2007,434,1927332,22.52
979,Slovenia,SVN,2008,408,1943758,20.99
980,Slovenia,SVN,2009,447,1942037,23.02
981,Slovenia,SVN,2010,414,1944774,21.29
982,Slovenia,SVN,2011,435,1944561,22.37
983,Slovenia,SVN,2012,440,1945988,22.61
984,Slovenia,SVN,2013,446,1948276,22.89
985,Slovenia,SVN,2014,388,1951786,19.88
986,Slovenia,SVN,2015,422,1954632,21.59
987,South Africa,ZAF,2002,236,41803868,0.56
988,South Africa,ZAF,2003,256,42415309,0.6
989,South Africa,ZAF,2004,383,43005874,0.89
990,South Africa,ZAF,2005,458,43566107,1.05
991,South Africa,ZAF,2006,514,44079057,1.17
992,South Africa,ZAF,2007,417,44577435,0.94
993,South Africa,ZAF,2008,441,43680586,1.01
994,South Africa,ZAF,2009,372,45607048,0.82
995,South Africa,ZAF,2010,393,46176200,0.85
996,South Africa,ZAF,2011,358,46806739,0.76
997,South Africa,ZAF,2012,487,47484256,1.03
998,South Africa,ZAF,2013,587,48192699,1.22
999,South Africa,ZAF,2014,580,48912129,1.19
1000,South Africa,ZAF,2015,482,49627460,0.97
1001,Spain,ESP,2002,3372,39340611,8.57
1002,Spain,ESP,2003,3478,39947556,8.71
1003,Spain,ESP,2004,3508,40555823,8.65
1004,Spain,ESP,2005,3399,41195479,8.25
1005,Spain,ESP,2006,3247,41808848,7.77
1006,Spain,ESP,2007,3264,42547327,7.67
1007,Spain,ESP,2008,3457,43199484,8.0
1008,Spain,ESP,2009,3429,43490086,7.88
1009,Spain,ESP,2010,3158,43595356,7.24
1010,Spain,ESP,2011,3180,43642571,7.29
1011,Spain,ESP,2012,3539,44318859,7.99
1012,Spain,ESP,2013,3873,44227625,8.76
1013,Spain,ESP,2014,3911,44172771,8.85
1014,Spain,ESP,2015,3604,44186528,8.16
1015,Sri Lanka,LKA,2002,4382,17395955,25.19
1016,Sri Lanka,LKA,2003,4467,17524596,25.49
1017,Sri Lanka,LKA,2006,4015,17891558,22.44
1018,Suriname,SUR,2002,69,430176,16.04
1019,Suriname,SUR,2003,77,435946,17.66
1020,Suriname,SUR,2004,67,441717,15.17
1021,Suriname,SUR,2005,72,447445,16.09
1022,Suriname,SUR,2006,112,453293,24.71
1023,Suriname,SUR,2007,119,459086,25.92
1024,Suriname,SUR,2008,147,464789,31.63
1025,Suriname,SUR,2009,131,470448,27.85
1026,Suriname,SUR,2010,136,476052,28.57
1027,Suriname,SUR,2011,127,481521,26.37
1028,Suriname,SUR,2012,133,486964,27.31
1029,Suriname,SUR,2013,131,492359,26.61
1030,Suriname,SUR,2014,128,497701,25.72
1031,Sweden,SWE,2002,1180,8465828,13.94
1032,Sweden,SWE,2003,1112,8490539,13.1
1033,Sweden,SWE,2004,1155,8514314,13.57
1034,Sweden,SWE,2005,1219,8538624,14.28
1035,Sweden,SWE,2006,1197,8576044,13.96
1036,Sweden,SWE,2007,1126,8629159,13.05
1037,Sweden,SWE,2008,1170,8688504,13.47
1038,Sweden,SWE,2009,1242,8755922,14.18
1039,Sweden,SWE,2010,1141,8823125,12.93
1040,Sweden,SWE,2011,1112,8884644,12.52
1041,Sweden,SWE,2012,1154,8948909,12.9
1042,Sweden,SWE,2013,1230,9024081,13.63
1043,Sweden,SWE,2014,1148,9114524,12.6
1044,Sweden,SWE,2015,1182,9114524,12.97
1045,Sweden,SWE,2016,1130,8125852,13.91
1046,Switzerland,CHE,2002,1446,6942010,20.83
1047,Switzerland,CHE,2003,1269,6969293,18.21
1048,Switzerland,CHE,2004,1284,7023166,18.28
1049,Switzerland,CHE,2005,1299,7071991,18.37
1050,Switzerland,CHE,2006,1309,7118477,18.39
1051,Switzerland,CHE,2007,1360,7183595,18.93
1052,Switzerland,CHE,2008,1314,7274875,18.06
1053,Switzerland,CHE,2009,1105,7364558,15.0
1054,Switzerland,CHE,2010,1006,7439147,13.52
1055,Switzerland,CHE,2011,1034,7518040,13.75
1056,Switzerland,CHE,2012,1038,7595591,13.67
1057,Switzerland,CHE,2013,1071,7681318,13.94
1058,Switzerland,CHE,2014,1032,7809621,13.21
1059,Switzerland,CHE,2015,1073,7892502,13.6
1060,Thailand,THA,2002,4902,58263389,8.41
1061,Thailand,THA,2003,4484,60158951,7.45
1062,Thailand,THA,2004,4296,60686373,7.08
1063,Thailand,THA,2005,3937,61182665,6.43
1064,Thailand,THA,2006,3608,61636512,5.85
1065,Thailand,THA,2007,3754,58941621,6.37
1066,Thailand,THA,2008,3778,59216773,6.38
1067,Thailand,THA,2009,3787,59483718,6.37
1068,Thailand,THA,2010,3761,59769764,6.29
1069,Thailand,THA,2011,3873,60261832,6.43
1070,Thailand,THA,2012,3985,60382255,6.6
1071,Thailand,THA,2013,3961,60766487,6.52
1072,Thailand,THA,2014,3952,61139919,6.46
1073,Thailand,THA,2015,4205,61261276,6.86
1074,Thailand,THA,2016,4117,53442001,7.7
1075,Trinidad and Tobago,TTO,2002,156,1188800,13.12
1076,Trinidad and Tobago,TTO,2003,144,1194458,12.06
1077,Trinidad and Tobago,TTO,2004,168,1200116,14.0
1078,Trinidad and Tobago,TTO,2005,136,1205471,11.28
1079,Trinidad and Tobago,TTO,2006,141,1209301,11.66
1080,Trinidad and Tobago,TTO,2007,131,1213988,10.79
1081,Trinidad and Tobago,TTO,2008,199,1219336,16.32
1082,Trinidad and Tobago,TTO,2009,128,1225097,10.45
1083,Trinidad and Tobago,TTO,2010,160,1231002,13.0
1084,Trinidad and Tobago,TTO,2011,139,1237186,11.24
1085,Turkey,TUR,2009,1050,65962419,1.59
1086,Turkey,TUR,2010,1524,66975131,2.28
1087,Turkey,TUR,2011,1148,68034357,1.69
1088,Turkey,TUR,2012,1450,68976439,2.1
1089,Turkey,TUR,2013,1810,69880352,2.59
1090,Turkey,TUR,2014,1617,70931420,2.28
1091,Turkey,TUR,2015,1532,71880464,2.13
1092,Turkmenistan,TKM,2002,416,4143692,10.04
1093,Turkmenistan,TKM,2003,377,4177740,9.02
1094,Turkmenistan,TKM,2004,392,4211000,9.31
1095,Turkmenistan,TKM,2005,468,4252530,11.01
1096,Turkmenistan,TKM,2006,506,4287650,11.8
1097,Turkmenistan,TKM,2007,354,4342657,8.15
1098,Turkmenistan,TKM,2008,484,4412135,10.97
1099,Turkmenistan,TKM,2009,165,4484467,3.68
1100,Turkmenistan,TKM,2010,178,4551185,3.91
1101,Turkmenistan,TKM,2011,130,4626095,2.81
1102,Turkmenistan,TKM,2012,138,4690058,2.94
1103,Turkmenistan,TKM,2013,101,4748055,2.13
1104,Turkmenistan,TKM,2014,136,4811227,2.83
1105,Turkmenistan,TKM,2015,133,4886514,2.72
1106,Ukraine,UKR,2002,12536,46060017,27.22
1107,Ukraine,UKR,2003,12313,45697383,26.94
1108,Ukraine,UKR,2004,11256,45322826,24.84
1109,Ukraine,UKR,2005,10621,44939270,23.63
1110,Ukraine,UKR,2006,10013,44560034,22.47
1111,Ukraine,UKR,2007,10032,44198672,22.7
1112,Ukraine,UKR,2008,9454,43856123,21.56
1113,Ukraine,UKR,2009,9715,43557944,22.3
1114,Ukraine,UKR,2010,9089,43296809,20.99
1115,Ukraine,UKR,2011,8973,43074791,20.83
1116,Ukraine,UKR,2012,9058,42915935,21.11
1117,Ukraine,UKR,2014,7968,40464165,19.69
1118,Ukraine,UKR,2015,7574,40345446,18.77
1119,United Arab Emirates,ARE,2005,96,4280433,2.24
1120,United Arab Emirates,ARE,2006,90,4923879,1.83
1121,United Arab Emirates,ARE,2007,101,5695389,1.77
1122,United Arab Emirates,ARE,2008,100,6510358,1.54
1123,United Arab Emirates,ARE,2009,124,7252480,1.71
1124,United Arab Emirates,ARE,2010,111,7839736,1.42
1125,United Kingdom,GBR,2002,4117,55908944,7.36
1126,United Kingdom,GBR,2003,3979,56171771,7.08
1127,United Kingdom,GBR,2004,4183,56455011,7.41
1128,United Kingdom,GBR,2005,4047,56809024,7.12
1129,United Kingdom,GBR,2006,4122,57091129,7.22
1130,United Kingdom,GBR,2007,3897,57382757,6.79
1131,United Kingdom,GBR,2008,4259,57683372,7.38
1132,United Kingdom,GBR,2009,4246,58013559,7.32
1133,United Kingdom,GBR,2010,4188,58403529,7.17
1134,United Kingdom,GBR,2011,4393,58881852,7.46
1135,United Kingdom,GBR,2012,4444,59708630,7.44
1136,United Kingdom,GBR,2013,4824,60091793,8.03
1137,United Kingdom,GBR,2014,4788,60570482,7.9
1138,United Kingdom,GBR,2015,4910,61082942,8.04
1139,United States,USA,2002,31645,268759559,11.77
1140,United States,USA,2003,31477,271041510,11.61
1141,United States,USA,2004,32428,273584136,11.85
1142,United States,USA,2005,32629,276106680,11.82
1143,United States,USA,2006,33292,278980848,11.93
1144,United States,USA,2007,34596,280658606,12.33
1145,United States,USA,2008,36030,282355565,12.76
1146,United States,USA,2009,36900,285162662,12.94
1147,United States,USA,2010,38362,287839149,13.33
1148,United States,USA,2011,39508,290313825,13.61
1149,United States,USA,2012,40596,292827128,13.86
1150,United States,USA,2013,41143,295322862,13.93
1151,United States,USA,2014,42769,297749735,14.36
1152,United States,USA,2015,44189,300078511,14.73
1153,Uruguay,URY,2002,675,3065257,22.02
1154,Uruguay,URY,2003,535,3065772,17.45
1155,Uruguay,URY,2004,520,3066489,16.96
1156,Uruguay,URY,2005,498,3070178,16.22
1157,Uruguay,URY,2006,528,3077445,17.16
1158,Uruguay,URY,2007,576,3087957,18.65
1159,Uruguay,URY,2008,523,3100791,16.87
1160,Uruguay,URY,2009,511,3114306,16.41
1161,Uruguay,URY,2010,547,3127306,17.49
1162,Uruguay,URY,2012,599,3151939,19.0
1163,Uruguay,URY,2013,546,3164670,17.25
1164,Uruguay,URY,2014,591,3177645,18.6
1165,Uruguay,URY,2015,630,3190795,19.74
1166,Uzbekistan,UZB,2002,1576,22632256,6.96
1167,Uzbekistan,UZB,2003,1416,22982883,6.16
1168,Uzbekistan,UZB,2004,1251,23300841,5.37
1169,Uzbekistan,UZB,2005,1221,23600347,5.17
1170,Uzbekistan,UZB,2009,1399,25288102,5.53
1171,Uzbekistan,UZB,2010,1464,25651783,5.71
1172,Uzbekistan,UZB,2011,1640,25978049,6.31
1173,Uzbekistan,UZB,2012,1835,26381830,6.96
1174,Uzbekistan,UZB,2013,1950,26838924,7.27
1175,Uzbekistan,UZB,2014,2095,27313507,7.67
